epoch,time,train/box_loss,train/cls_loss,train/dfl_loss,metrics/precision(B),metrics/recall(B),metrics/mAP50(B),metrics/mAP50-95(B),val/box_loss,val/cls_loss,val/dfl_loss,lr/pg0,lr/pg1,lr/pg2,lr/pg3,lr/pg4,lr/pg5,lr/pg6,lr/pg7
1,432.65,1.29255,2.77656,1.53469,0.42193,0.47887,0.40567,0.26891,1.00413,1.62013,1.25557,0.00999396,0.00333132,0.00999396,0.00333132,0.00999396,0.00333132,0.00999396,0.00333132
2,790.889,1.2304,2.05698,1.471,0.48325,0.55702,0.51245,0.35255,1.01955,1.41908,1.31256,0.0197465,0.00658218,0.0197465,0.00658218,0.0197465,0.00658218,0.0197465,0.00658218
3,1132.06,1.30155,2.14209,1.54037,0.38424,0.52936,0.40566,0.24441,1.17157,1.65842,1.41716,0.0292516,0.00975054,0.0292516,0.00975054,0.0292516,0.00975054,0.0292516,0.00975054
4,1463,1.31741,2.17524,1.55026,0.49339,0.49716,0.46796,0.31341,1.09226,1.50969,1.37441,0.0288862,0.00962875,0.0288862,0.00962875,0.0288862,0.00962875,0.0288862,0.00962875
5,1793.24,1.24489,1.97812,1.49784,0.59041,0.58656,0.56703,0.39587,0.99564,1.3067,1.28402,0.028515,0.009505,0.028515,0.009505,0.028515,0.009505,0.028515,0.009505
6,2122.8,1.1979,1.79693,1.45038,0.61788,0.62654,0.63593,0.46313,0.84352,1.16875,1.18308,0.0281437,0.00938125,0.0281437,0.00938125,0.0281437,0.00938125,0.0281437,0.00938125
7,2452.74,1.14118,1.65399,1.41238,0.64666,0.67055,0.66552,0.4844,0.85105,1.09235,1.18628,0.0277725,0.0092575,0.0277725,0.0092575,0.0277725,0.0092575,0.0277725,0.0092575
8,2785.32,1.09915,1.55177,1.3862,0.68562,0.73803,0.71483,0.53236,0.78312,1.01196,1.13157,0.0274012,0.00913375,0.0274012,0.00913375,0.0274012,0.00913375,0.0274012,0.00913375
9,3113.63,1.06629,1.46551,1.36257,0.71965,0.71869,0.73343,0.54698,0.77968,0.94357,1.13428,0.02703,0.00901,0.02703,0.00901,0.02703,0.00901,0.02703,0.00901
10,3441.94,1.0424,1.38565,1.34309,0.65777,0.78642,0.82741,0.65201,0.70452,0.93053,1.08696,0.0266587,0.00888625,0.0266587,0.00888625,0.0266587,0.00888625,0.0266587,0.00888625
11,3772.26,1.01904,1.3349,1.32429,0.71244,0.77642,0.77812,0.60796,0.69734,0.86441,1.07756,0.0262875,0.0087625,0.0262875,0.0087625,0.0262875,0.0087625,0.0262875,0.0087625
12,4107.72,1.00058,1.28991,1.31236,0.784,0.79502,0.82507,0.64082,0.69871,0.82421,1.07485,0.0259163,0.00863875,0.0259163,0.00863875,0.0259163,0.00863875,0.0259163,0.00863875
13,4437.02,0.97816,1.23256,1.29454,0.79214,0.79471,0.81763,0.64306,0.66641,0.78666,1.048,0.025545,0.008515,0.025545,0.008515,0.025545,0.008515,0.025545,0.008515
14,4762.05,0.95988,1.18485,1.2812,0.80229,0.82015,0.83086,0.6619,0.6505,0.75464,1.04115,0.0251737,0.00839125,0.0251737,0.00839125,0.0251737,0.00839125,0.0251737,0.00839125
15,5086.63,0.94515,1.14019,1.26649,0.80715,0.8025,0.83892,0.67189,0.63328,0.73011,1.02715,0.0248025,0.0082675,0.0248025,0.0082675,0.0248025,0.0082675,0.0248025,0.0082675
16,5411.4,0.92811,1.10645,1.25729,0.8056,0.84554,0.85936,0.7044,0.61154,0.69142,1.00134,0.0244312,0.00814375,0.0244312,0.00814375,0.0244312,0.00814375,0.0244312,0.00814375
17,5739.31,0.92103,1.09034,1.25056,0.78016,0.89974,0.88515,0.73165,0.60545,0.67295,1.00341,0.02406,0.00802,0.02406,0.00802,0.02406,0.00802,0.02406,0.00802
18,6067.05,0.90136,1.06199,1.24029,0.85155,0.85317,0.87325,0.72361,0.58849,0.65876,0.99736,0.0236888,0.00789625,0.0236888,0.00789625,0.0236888,0.00789625,0.0236888,0.00789625
19,6391.16,0.88763,1.0355,1.23343,0.77193,0.90851,0.8907,0.73905,0.58741,0.63831,0.9925,0.0233175,0.0077725,0.0233175,0.0077725,0.0233175,0.0077725,0.0233175,0.0077725
20,6716.55,0.88379,1.00664,1.22837,0.84664,0.8423,0.88523,0.73712,0.57638,0.64388,0.98981,0.0229462,0.00764875,0.0229462,0.00764875,0.0229462,0.00764875,0.0229462,0.00764875
21,7041.48,0.86589,0.98694,1.21761,0.87418,0.85065,0.90941,0.76435,0.5601,0.60773,0.97683,0.022575,0.007525,0.022575,0.007525,0.022575,0.007525,0.022575,0.007525
22,7371.79,0.8606,0.97173,1.2164,0.86097,0.86483,0.89454,0.75258,0.55475,0.58937,0.97316,0.0222038,0.00740125,0.0222038,0.00740125,0.0222038,0.00740125,0.0222038,0.00740125
23,7703.54,0.84722,0.94464,1.2034,0.90225,0.8706,0.95093,0.81525,0.53669,0.55575,0.96159,0.0218325,0.0072775,0.0218325,0.0072775,0.0218325,0.0072775,0.0218325,0.0072775
24,8034.28,0.8438,0.93032,1.19891,0.88978,0.86913,0.9143,0.77691,0.53593,0.5627,0.95618,0.0214612,0.00715375,0.0214612,0.00715375,0.0214612,0.00715375,0.0214612,0.00715375
25,8366.18,0.83709,0.91854,1.19833,0.90436,0.85937,0.95011,0.82185,0.52113,0.53359,0.95161,0.02109,0.00703,0.02109,0.00703,0.02109,0.00703,0.02109,0.00703
26,8693.64,0.82896,0.90266,1.19128,0.90068,0.91273,0.95392,0.8286,0.51198,0.53226,0.94415,0.0207188,0.00690625,0.0207188,0.00690625,0.0207188,0.00690625,0.0207188,0.00690625
27,9025.06,0.81139,0.87503,1.18014,0.87767,0.93351,0.96184,0.83384,0.51258,0.52553,0.94379,0.0203475,0.0067825,0.0203475,0.0067825,0.0203475,0.0067825,0.0203475,0.0067825
28,9354.87,0.81192,0.87409,1.18108,0.90957,0.87495,0.96015,0.83294,0.49454,0.49852,0.93556,0.0199762,0.00665875,0.0199762,0.00665875,0.0199762,0.00665875,0.0199762,0.00665875
29,9685.57,0.79925,0.8505,1.17112,0.92648,0.87727,0.92705,0.80709,0.50334,0.49762,0.93782,0.019605,0.006535,0.019605,0.006535,0.019605,0.006535,0.019605,0.006535
30,10014.3,0.7906,0.8346,1.16467,0.87183,0.93541,0.9264,0.80755,0.49388,0.49959,0.93526,0.0192337,0.00641125,0.0192337,0.00641125,0.0192337,0.00641125,0.0192337,0.00641125
31,10340.8,0.77996,0.81808,1.15979,0.93027,0.88182,0.96598,0.84299,0.49699,0.47551,0.93386,0.0188625,0.0062875,0.0188625,0.0062875,0.0188625,0.0062875,0.0188625,0.0062875
32,10668.4,0.77598,0.80762,1.15853,0.92778,0.92932,0.96751,0.85046,0.48942,0.47988,0.93292,0.0184913,0.00616375,0.0184913,0.00616375,0.0184913,0.00616375,0.0184913,0.00616375
33,10995.1,0.77748,0.80694,1.15717,0.93162,0.93574,0.96856,0.85486,0.48394,0.46563,0.92491,0.01812,0.00604,0.01812,0.00604,0.01812,0.00604,0.01812,0.00604
34,11321.8,0.76912,0.79135,1.15158,0.91038,0.94841,0.97061,0.8591,0.4749,0.45713,0.92044,0.0177488,0.00591625,0.0177488,0.00591625,0.0177488,0.00591625,0.0177488,0.00591625
35,11648.9,0.75764,0.78387,1.14771,0.9344,0.93966,0.97272,0.86087,0.4691,0.44729,0.91955,0.0173775,0.0057925,0.0173775,0.0057925,0.0173775,0.0057925,0.0173775,0.0057925
36,11977.2,0.75099,0.76566,1.1407,0.92131,0.95939,0.97056,0.863,0.46511,0.45263,0.91492,0.0170063,0.00566875,0.0170063,0.00566875,0.0170063,0.00566875,0.0170063,0.00566875
37,12306.5,0.74549,0.76384,1.13669,0.9282,0.94952,0.97357,0.86464,0.45937,0.43525,0.9091,0.016635,0.005545,0.016635,0.005545,0.016635,0.005545,0.016635,0.005545
38,12636.2,0.73597,0.75115,1.13512,0.93144,0.9554,0.97606,0.87043,0.4555,0.4249,0.90438,0.0162637,0.00542125,0.0162637,0.00542125,0.0162637,0.00542125,0.0162637,0.00542125
39,12964.9,0.72922,0.73598,1.12661,0.9292,0.95308,0.97575,0.87215,0.45328,0.41726,0.90481,0.0158925,0.0052975,0.0158925,0.0052975,0.0158925,0.0052975,0.0158925,0.0052975
40,13293.9,0.73511,0.72958,1.12717,0.93909,0.95097,0.97672,0.87381,0.45474,0.41337,0.90356,0.0155212,0.00517375,0.0155212,0.00517375,0.0155212,0.00517375,0.0155212,0.00517375
41,13621.8,0.71892,0.72002,1.1214,0.94083,0.94519,0.97764,0.87367,0.44945,0.41149,0.90114,0.01515,0.00505,0.01515,0.00505,0.01515,0.00505,0.01515,0.00505
42,13949,0.71603,0.7138,1.11876,0.94217,0.95492,0.97921,0.87804,0.44377,0.40293,0.89815,0.0147788,0.00492625,0.0147788,0.00492625,0.0147788,0.00492625,0.0147788,0.00492625
43,14277.8,0.70634,0.70061,1.11466,0.94172,0.95522,0.9783,0.88144,0.44081,0.39348,0.8956,0.0144075,0.0048025,0.0144075,0.0048025,0.0144075,0.0048025,0.0144075,0.0048025
44,14602.9,0.70214,0.69748,1.11377,0.93224,0.95633,0.97771,0.88262,0.43673,0.38826,0.89471,0.0140363,0.00467875,0.0140363,0.00467875,0.0140363,0.00467875,0.0140363,0.00467875
45,14933.6,0.69801,0.68641,1.10906,0.94936,0.95318,0.97866,0.88612,0.43279,0.38134,0.8925,0.013665,0.004555,0.013665,0.004555,0.013665,0.004555,0.013665,0.004555
46,15270.4,0.69152,0.67542,1.10624,0.93577,0.96752,0.98023,0.88555,0.42928,0.38614,0.89228,0.0132938,0.00443125,0.0132938,0.00443125,0.0132938,0.00443125,0.0132938,0.00443125
47,15601.9,0.69359,0.67157,1.10592,0.95416,0.9595,0.98042,0.88989,0.42568,0.3778,0.88736,0.0129225,0.0043075,0.0129225,0.0043075,0.0129225,0.0043075,0.0129225,0.0043075
48,15944.8,0.68478,0.66514,1.10021,0.95192,0.95659,0.98134,0.89194,0.42204,0.37019,0.88401,0.0125512,0.00418375,0.0125512,0.00418375,0.0125512,0.00418375,0.0125512,0.00418375
49,16296.7,0.67901,0.65661,1.09915,0.95266,0.96206,0.98179,0.89379,0.42095,0.36652,0.88419,0.01218,0.00406,0.01218,0.00406,0.01218,0.00406,0.01218,0.00406
50,16642.3,0.66753,0.64631,1.09114,0.96222,0.96289,0.98223,0.89509,0.41831,0.35861,0.88234,0.0118087,0.00393625,0.0118087,0.00393625,0.0118087,0.00393625,0.0118087,0.00393625
51,16983.4,0.66035,0.64069,1.08707,0.95731,0.96315,0.98132,0.89618,0.4188,0.35663,0.88015,0.0114375,0.0038125,0.0114375,0.0038125,0.0114375,0.0038125,0.0114375,0.0038125
52,17332,0.65845,0.62592,1.08636,0.95923,0.96251,0.98102,0.89571,0.41725,0.34977,0.87972,0.0110663,0.00368875,0.0110663,0.00368875,0.0110663,0.00368875,0.0110663,0.00368875
53,17673.7,0.65163,0.62238,1.08482,0.96021,0.95999,0.98315,0.89744,0.41352,0.34487,0.87808,0.010695,0.003565,0.010695,0.003565,0.010695,0.003565,0.010695,0.003565
54,18010.7,0.6512,0.61864,1.08456,0.95925,0.96407,0.98351,0.89945,0.41213,0.3402,0.8782,0.0103237,0.00344125,0.0103237,0.00344125,0.0103237,0.00344125,0.0103237,0.00344125
55,18350.1,0.64308,0.61122,1.07807,0.95941,0.96453,0.98315,0.90255,0.40944,0.33895,0.87608,0.0099525,0.0033175,0.0099525,0.0033175,0.0099525,0.0033175,0.0099525,0.0033175
56,18691.1,0.63758,0.60746,1.07566,0.96287,0.9627,0.98334,0.9044,0.40558,0.33647,0.87384,0.00958125,0.00319375,0.00958125,0.00319375,0.00958125,0.00319375,0.00958125,0.00319375
57,19030.3,0.63049,0.59988,1.07129,0.96351,0.96651,0.98434,0.90457,0.40408,0.33283,0.87293,0.00921,0.00307,0.00921,0.00307,0.00921,0.00307,0.00921,0.00307
58,19367.1,0.62746,0.59436,1.0689,0.96345,0.96529,0.98418,0.90447,0.40257,0.32877,0.87151,0.00883875,0.00294625,0.00883875,0.00294625,0.00883875,0.00294625,0.00883875,0.00294625
59,19705,0.62469,0.58662,1.06743,0.96231,0.96505,0.98468,0.90461,0.40119,0.32597,0.87061,0.0084675,0.0028225,0.0084675,0.0028225,0.0084675,0.0028225,0.0084675,0.0028225
60,20041.6,0.61881,0.58607,1.06477,0.96307,0.96465,0.98435,0.90559,0.4001,0.32205,0.86917,0.00809625,0.00269875,0.00809625,0.00269875,0.00809625,0.00269875,0.00809625,0.00269875
61,20379,0.6134,0.57756,1.06064,0.96251,0.96524,0.98523,0.90773,0.3975,0.31824,0.8679,0.007725,0.002575,0.007725,0.002575,0.007725,0.002575,0.007725,0.002575
62,20717.8,0.60765,0.56655,1.06101,0.96565,0.96685,0.98489,0.90833,0.3953,0.31574,0.86639,0.00735375,0.00245125,0.00735375,0.00245125,0.00735375,0.00245125,0.00735375,0.00245125
63,21062.6,0.60339,0.55666,1.05516,0.96609,0.96896,0.98547,0.90852,0.3932,0.31425,0.86534,0.0069825,0.0023275,0.0069825,0.0023275,0.0069825,0.0023275,0.0069825,0.0023275
64,21397.9,0.59754,0.55537,1.05386,0.96534,0.96853,0.98593,0.90989,0.39203,0.31255,0.8648,0.00661125,0.00220375,0.00661125,0.00220375,0.00661125,0.00220375,0.00661125,0.00220375
65,21730.6,0.59065,0.5479,1.05065,0.9664,0.96787,0.98617,0.91074,0.39081,0.31017,0.86424,0.00624,0.00208,0.00624,0.00208,0.00624,0.00208,0.00624,0.00208
66,22062.7,0.5883,0.54544,1.04809,0.96563,0.9692,0.98622,0.91116,0.38996,0.3101,0.86347,0.00586875,0.00195625,0.00586875,0.00195625,0.00586875,0.00195625,0.00586875,0.00195625
67,22394.3,0.58363,0.54028,1.04458,0.96554,0.96867,0.98639,0.9118,0.38837,0.30834,0.8627,0.0054975,0.0018325,0.0054975,0.0018325,0.0054975,0.0018325,0.0054975,0.0018325
68,22726.1,0.57657,0.53236,1.04227,0.96664,0.9683,0.98653,0.9128,0.38752,0.30623,0.86214,0.00512625,0.00170875,0.00512625,0.00170875,0.00512625,0.00170875,0.00512625,0.00170875
69,23056.8,0.57273,0.52965,1.04212,0.96652,0.96847,0.98661,0.91343,0.38652,0.30485,0.86161,0.004755,0.001585,0.004755,0.001585,0.004755,0.001585,0.004755,0.001585
70,23386.2,0.5681,0.52052,1.03734,0.9658,0.96963,0.98666,0.9143,0.38599,0.30444,0.86145,0.00438375,0.00146125,0.00438375,0.00146125,0.00438375,0.00146125,0.00438375,0.00146125
71,23714.8,0.50719,0.34612,1.01489,0.96585,0.96919,0.98678,0.91535,0.38473,0.30303,0.8604,0.0040125,0.0013375,0.0040125,0.0013375,0.0040125,0.0013375,0.0040125,0.0013375
72,24043.6,0.49699,0.33293,1.00765,0.96582,0.97005,0.98694,0.91597,0.38375,0.30097,0.8594,0.00364125,0.00121375,0.00364125,0.00121375,0.00364125,0.00121375,0.00364125,0.00121375
73,24369.2,0.47401,0.3194,0.9917,0.96575,0.97088,0.98697,0.91596,0.38249,0.29904,0.85829,0.00327,0.00109,0.00327,0.00109,0.00327,0.00109,0.00327,0.00109
74,24697.9,0.46899,0.31494,0.98574,0.96657,0.97089,0.98713,0.91737,0.38131,0.29675,0.85709,0.00289875,0.00096625,0.00289875,0.00096625,0.00289875,0.00096625,0.00289875,0.00096625
75,25027.3,0.45986,0.3096,0.98263,0.96693,0.97152,0.98729,0.91722,0.38011,0.29525,0.8561,0.0025275,0.0008425,0.0025275,0.0008425,0.0025275,0.0008425,0.0025275,0.0008425
76,25351.1,0.45043,0.30145,0.97405,0.96704,0.9715,0.98732,0.91847,0.37907,0.29386,0.855,0.00215625,0.00071875,0.00215625,0.00071875,0.00215625,0.00071875,0.00215625,0.00071875
77,25676.2,0.44138,0.29451,0.96933,0.96725,0.97136,0.98727,0.91907,0.37801,0.29234,0.85426,0.001785,0.000595,0.001785,0.000595,0.001785,0.000595,0.001785,0.000595
78,26000.4,0.43589,0.29161,0.96623,0.96745,0.97121,0.9873,0.91938,0.37724,0.29046,0.85349,0.00141375,0.00047125,0.00141375,0.00047125,0.00141375,0.00047125,0.00141375,0.00047125
79,26327.4,0.42706,0.28612,0.95946,0.9673,0.97188,0.98739,0.91957,0.37657,0.28928,0.8529,0.0010425,0.0003475,0.0010425,0.0003475,0.0010425,0.0003475,0.0010425,0.0003475
80,26652.1,0.42594,0.28425,0.96115,0.96894,0.9722,0.98739,0.91928,0.37624,0.28845,0.8525,0.00067125,0.00022375,0.00067125,0.00022375,0.00067125,0.00022375,0.00067125,0.00022375
